{"scores": [0, 0, 0, 0, 0, 0, 0, 0, 0, 0, 0, 0, 0, 0, 0, 0, 0, 0, 0, 0, 0, 0, 0, 0, 0, 0, 0, 0, 0, 0, 0, 2, 0, 0, 0, 0, 0, 0, 1, 0, 0, 0, 0, 0, 0, 0, 0, 0, 0, 0, 0, 0, 0, 1, 0, 0, 0, 0, 0, 0, 0, 0, 0, 0, 1, 0, 1, 0, 0, 1, 0, 0, 0, 0, 0, 0, 1, 0, 0, 0, 0, 0, 0, 0, 2, 0, 0, 0, 0, 3, 0, 0, 0, 2, 0, 0, 0, 0, 3, 6, 0, 0, 1, 0, 0, 2, 4, 1, 0, 0, 0, 0, 0, 1, 0, 0, 0, 1, 0, 0, 5, 0, 0, 0, 0, 0, 1, 0, 0, 0, 0, 0, 1, 2, 0, 1, 0, 0, 0, 0, 0, 0, 0, 3, 1, 0, 0, 0, 0, 0, 0, 0, 0, 1, 0, 2, 0, 0, 0, 0, 0, 0, 0, 0, 0, 0, 0, 0, 0, 0, 0, 0, 0, 0, 1, 0, 0, 0, 0, 1, 0, 0, 0, 0, 0, 0, 0, 2, 1, 0, 1, 2, 0, 0, 0, 0, 0, 0, 0, 0, 0, 0, 0, 0, 0, 0, 1, 0, 1, 0, 0, 0, 0, 0, 0, 0, 0, 0, 0, 1, 0, 0, 0, 0, 2, 0, 0, 0, 0, 0, 0, 0, 0, 0, 0, 0, 1, 3, 0, 0, 0, 0, 0, 0, 0, 0, 0, 0, 0, 0, 0, 0, 0, 1, 0, 0, 0, 0, 0, 0, 0, 0, 0, 0, 0, 0, 0, 1, 0, 0, 1, 0, 0, 0, 1, 0, 0, 0, 0, 0, 0, 0, 2, 0, 0, 0, 0, 0, 0, 0, 1, 0, 0, 0, 0, 1, 5, 1, 0, 2, 0, 0, 0, 0, 0, 0, 0, 0, 0, 3, 0, 0, 0, 0, 0, 0, 0, 0, 0, 0, 0, 0, 0, 0, 0, 1, 2, 0, 0, 0, 0, 0, 0, 0, 0, 0, 0, 0, 0, 0, 0, 0, 0, 0, 0, 0, 0, 0, 0, 0, 2, 0, 0, 4, 0, 0, 0, 0, 0, 0, 0, 0, 0, 0, 0, 1, 0, 0, 2, 0, 1, 0, 0, 0, 0, 1, 0, 0, 1, 0, 0, 0, 0, 0, 0, 0, 0, 0, 0, 0, 0, 0, 0, 0, 0, 0, 0, 0, 0, 0, 0, 0, 0, 1, 0, 0, 0, 0, 0, 0, 0, 0, 0, 0, 1, 0, 0, 0, 0, 0, 0, 0, 0, 0, 0, 0, 0, 0, 0, 0, 0, 0, 0, 0, 0, 0, 2, 0, 0, 0, 0, 0, 0, 0, 0, 0, 0, 1, 0, 0, 0, 0, 1, 0, 0, 0, 0, 1, 0, 0, 0, 0], "losses": [0.011801835149526596, 0.06254610419273376, 0.011740939691662788, 0.06073584407567978, 0.06634950637817383, 0.004640331491827965, 0.06467834860086441, 0.009709152393043041, 0.008196700364351273, 0.005713529419153929, 0.01500353030860424, 0.06078978627920151, 0.06072879582643509, 0.009179987013339996, 0.05652228370308876, 0.011713164858520031, 0.004026148468255997, 0.012503556907176971, 0.011272558011114597, 0.01605779118835926, 0.06228791922330856, 0.01155253779143095, 0.005884032696485519, 0.12240327894687653, 0.01085592806339264, 0.01315383892506361, 0.01931702345609665, 0.05669388175010681, 0.05011435225605965, 0.06618291139602661, 0.00913294032216072, 0.01020145695656538, 0.008966416120529175, 0.00740252248942852, 0.0536530427634716, 0.05260675773024559, 0.006970648653805256, 0.00520315021276474, 0.009769703261554241, 0.0053218454122543335, 0.006490679923444986, 0.00894649513065815, 0.1315729320049286, 0.04773014783859253, 0.007979515008628368, 0.009482144378125668, 0.006466356106102467, 0.07265269011259079, 0.008057631552219391, 0.006094784010201693, 0.005484653636813164, 0.09049445390701294, 0.007736632600426674, 0.00772835360839963, 0.05144330486655235, 0.01320459134876728, 0.007882513105869293, 0.07380050420761108, 0.010118704289197922, 0.006294529885053635, 0.0025494596920907497, 0.13088281452655792, 0.007506700232625008, 0.0694504901766777, 0.007421824615448713, 0.009714687243103981, 0.00389351649209857, 0.007231751922518015, 0.007206752896308899, 0.0052884360775351524, 0.011552008800208569, 0.013326887972652912, 0.07429508119821548, 0.011254042387008667, 0.1609165072441101, 0.03791933134198189, 0.07910647243261337, 0.010173613205552101, 0.0503065250813961, 0.004753201734274626, 0.013939582742750645, 0.009074742905795574, 0.09496157616376877, 0.00610331678763032, 0.007117355242371559, 0.055092670023441315, 0.009246178902685642, 0.0704512894153595, 0.00833986047655344, 0.00752178905531764, 0.006092684343457222, 0.004858496133238077, 0.006159190088510513, 0.02130681648850441, 0.0085679292678833, 0.09098382294178009, 0.0781685933470726, 0.0049438453279435635, 0.010874749161303043, 0.10956782102584839, 0.047762684524059296, 0.00987811479717493, 0.07350121438503265, 0.008538615889847279, 0.007249854039400816, 0.06146768853068352, 0.0030678685288876295, 0.007350513711571693, 0.00814503338187933, 0.057787831872701645, 0.0015587456291541457, 0.004657346289604902, 0.007889964617788792, 0.08620884269475937, 0.005523866042494774, 0.08684850484132767, 0.1060245931148529, 0.013643498532474041, 0.0035646900068968534, 0.005859200842678547, 0.013890823349356651, 0.05822423845529556, 0.08488170057535172, 0.009378272108733654, 0.009939002804458141, 0.02972460351884365, 0.07305517792701721, 0.032841239124536514, 0.004603198729455471, 0.0026451118756085634, 0.06295184791088104, 0.00496808672323823, 0.0036285589449107647, 0.020919715985655785, 0.11325392872095108, 0.07053728401660919, 0.004959753714501858, 0.003037652000784874, 0.006136589217931032, 0.005071723368018866, 0.006186724174767733, 0.006356354802846909, 0.0058961003087460995, 0.00903684925287962, 0.005854460410773754, 0.10263483226299286, 0.08475905656814575, 0.015971437096595764, 0.004351806361228228, 0.07400544732809067, 0.0629490315914154, 0.006697096861898899, 0.0423697903752327, 0.011841071769595146, 0.07208367437124252, 0.07038617879152298, 0.005570686422288418, 0.020421547815203667, 0.022372089326381683, 0.11892630159854889, 0.01506846770644188, 0.06530977040529251, 0.0029118924867361784, 0.002494651125743985, 0.006631519645452499, 0.0459047332406044, 0.0035989130847156048, 0.005282489582896233, 0.09453493356704712, 0.007406418211758137, 0.007231512572616339, 0.004302568733692169, 0.0014838932547718287, 0.05087895691394806, 0.019911717623472214, 0.08214828372001648, 0.07505553215742111, 0.0028203981928527355, 0.003036569571122527, 0.04744238406419754, 0.003215472912415862, 0.002824344439432025, 0.017871975898742676, 0.020540598779916763, 0.11409000307321548, 0.004719406366348267, 0.008671609684824944, 0.004482286516577005, 0.013027140870690346, 0.005236397497355938, 0.001687064184807241, 0.004408686421811581, 0.005725347436964512, 0.006912045180797577, 0.002706387313082814, 0.0066804285161197186, 0.009474393911659718, 0.00793616846203804, 0.07356885075569153, 0.03238989785313606, 0.01289448980242014, 0.04471976310014725, 0.0031756148673594, 0.00285004498437047, 0.004301672335714102, 0.016277769580483437, 0.007597325835376978, 0.00753432372584939, 0.10399576276540756, 0.018274035304784775, 0.002160398755222559, 0.11390753090381622, 0.003870316781103611, 0.045854635536670685, 0.13344691693782806, 0.05141396075487137, 0.018160393461585045, 0.03797334060072899, 0.06407295167446136, 0.006027424708008766, 0.0035165338777005672, 0.008634574711322784, 0.010796821676194668, 0.010611026547849178, 0.0034798369742929935, 0.011263408698141575, 0.009219358675181866, 0.005226514767855406, 0.0013452116400003433, 0.04202396050095558, 0.006160859018564224, 0.0007313493406400084, 0.008804041892290115, 0.013563163578510284, 0.013643470592796803, 0.0021485784091055393, 0.07262331992387772, 0.06892896443605423, 0.011385202407836914, 0.03827614337205887, 0.00458371639251709, 0.0015180717455223203, 0.07518358528614044, 0.014104843139648438, 0.007755756843835115, 0.0717625692486763, 0.006108477246016264, 0.05232102423906326, 0.01297694444656372, 0.00189564551692456, 0.007832081988453865, 0.003298024646937847, 0.005067145451903343, 0.00844857469201088, 0.014404397457838058, 0.021482765674591064, 0.008220111019909382, 0.017981108278036118, 0.06674925237894058, 0.009282441809773445, 0.009645255282521248, 0.027848830446600914, 0.040199439972639084, 0.0023375963792204857, 0.004878286737948656, 0.006551388185471296, 0.014794981107115746, 0.008018823340535164, 0.032998595386743546, 0.0703749731183052, 0.004620563238859177, 0.0537307970225811, 0.10258513689041138, 0.0022894684225320816, 0.001937885652296245, 0.021789852529764175, 0.011675795540213585, 0.029596220701932907, 0.0028718451503664255, 0.00752964336425066, 0.0017205188050866127, 0.04971887543797493, 0.019737524911761284, 0.10469935089349747, 0.05679069086909294, 0.07414975017309189, 0.03706995025277138, 0.018517592921853065, 0.009218936786055565, 0.0045051430352032185, 0.07657521963119507, 0.029927058145403862, 0.07089391350746155, 0.018126048147678375, 0.011191211640834808, 0.06907380372285843, 0.005466461647301912, 0.15147829055786133, 0.001925842952914536, 0.0418751984834671, 0.100129634141922, 0.017080670222640038, 0.012492681853473186, 0.004005209542810917, 