{"scores": [0, 0, 0, 0, 0, 0, 0, 0, 0, 0, 0, 0, 0, 0, 0, 0, 0, 0, 0, 0, 1, 0, 0, 3, 0, 1, 1, 0, 2, 2, 0, 0, 0, 0, 0, 0, 1, 2, 0, 0, 0, 1, 0, 0, 0, 0, 0, 1, 0, 1, 0, 2, 0, 0, 0, 0, 0, 0, 0, 0, 0, 0, 0, 1, 1, 0, 0, 1, 0, 3, 0, 0, 0, 3, 0, 1, 1, 1, 2, 3, 2, 0, 0, 0, 0, 0, 0, 1, 1, 1, 1, 1, 1, 0, 1, 0, 1, 3, 0, 2, 1, 1, 0, 1, 0, 0, 1, 0, 2, 0, 1, 0, 3, 1, 5, 0, 0, 0, 0, 3, 1, 0, 4, 1, 1, 1, 0, 1, 0, 3, 1, 6, 3, 8, 1, 1, 1, 2, 1, 0, 4, 4, 0, 1, 1, 1, 0, 2, 4, 1, 1, 3, 2, 0, 0, 2, 1, 2, 0, 2, 1, 0], "losses": [0.01929536648094654, 0.00804859958589077, 0.01140647754073143, 0.011320706456899643, 0.005888157524168491, 0.006397593766450882, 0.005781877785921097, 0.1603948324918747, 0.005466746632009745, 0.011258047074079514, 0.012516740709543228, 0.011326258070766926, 0.007933041080832481, 0.013644302263855934, 0.0042418548837304115, 0.010770595632493496, 0.00420513516291976, 0.007600218057632446, 0.013285478577017784, 0.07282187044620514, 0.13925424218177795, 0.006600354798138142, 0.008355000987648964, 0.011425030417740345, 0.0058118910528719425, 0.008948621340095997, 0.008397615514695644, 0.07588379830121994, 0.012442746199667454, 0.0223410502076149, 0.14172245562076569, 0.00920841470360756, 0.08359284698963165, 0.0073911272920668125, 0.006444406695663929, 0.06046748161315918, 0.1485416740179062, 0.0509745292365551, 0.008237824775278568, 0.09975305944681168, 0.09585849940776825, 0.008675619028508663, 0.012004124000668526, 0.05805407091975212, 0.007320275064557791, 0.08972876518964767, 0.009434839710593224, 0.0067207119427621365, 0.09264181554317474, 0.018203267827630043, 0.06772179901599884, 0.011268004775047302, 0.0050727603957057, 0.006444163620471954, 0.005183822941035032, 0.004357661586254835, 0.06351080536842346, 0.20534154772758484, 0.007008116226643324, 0.08696598559617996, 0.008042470552027225, 0.005516183562576771, 0.008280854672193527, 0.07944757491350174, 0.002580172149464488, 0.00878110434859991, 0.10208441317081451, 0.09262433648109436, 0.09611812233924866, 0.07340959459543228, 0.01039385236799717, 0.00416564429178834, 0.0036741644144058228, 0.10358420014381409, 0.09158894419670105, 0.031185084953904152, 0.08611603826284409, 0.00436747632920742, 0.11732572317123413, 0.008588320575654507, 0.006229218095541, 0.03056918829679489, 0.008840375579893589, 0.002981516532599926, 0.0024210650008171797, 0.08697610348463058, 0.0042454637587070465, 0.003996489569544792, 0.06917928159236908, 0.006048551760613918, 0.08412487059831619, 0.11482350528240204, 0.0027054427191615105, 0.03480670228600502, 0.004938967060297728, 0.003575439564883709, 0.0038549911696463823, 0.005254272371530533, 0.012386053800582886, 0.005553251598030329, 0.07101301848888397, 0.12616032361984253, 0.00925202015787363, 0.0029694195836782455, 0.027427949011325836, 0.009244178421795368, 0.04132428765296936, 0.022331779822707176, 0.002170691965147853, 0.004242670256644487, 0.20054051280021667, 0.0018956412095576525, 0.006542935036122799, 0.012747020460665226, 0.016452576965093613, 0.004547522868961096, 0.27033311128616333, 0.003789158072322607, 0.05561581999063492, 0.0994497537612915, 0.04555916786193848, 0.0015069965738803148, 0.004235514905303717, 0.000905535533092916, 0.057050853967666626, 0.003350961022078991, 0.0034105272497981787, 0.011070814915001392, 0.1421891748905182, 0.003908705897629261, 0.008882436901330948, 0.0072976769879460335, 0.025572501122951508, 0.003773744683712721, 0.00607532961294055, 0.016555018723011017, 0.05173775926232338, 0.05881597101688385, 0.001424535526894033, 0.010125279426574707, 0.04167813062667847, 0.0034632165916264057, 0.07355404645204544, 0.03269417956471443, 0.011256083846092224, 0.02757604420185089, 0.0014278824673965573, 0.006178902927786112, 0.0013457913883030415, 0.038423534482717514, 0.0216798298060894, 0.0017456670757383108, 0.004705407191067934, 0.003217225894331932, 0.008604574017226696, 0.009673390537500381, 0.010561790317296982, 0.0862424224615097, 0.05201410874724388, 0.013727698475122452, 0.005346659570932388, 0.0554705373942852], "best_score": 8}