{"scores": [0, 0, 0, 0, 0, 0, 0, 0, 0, 0, 0, 0, 0, 0, 0, 0, 0, 0, 0, 0, 0, 2, 0, 0, 0, 0, 0, 2, 0, 0, 0, 0, 0, 0, 0, 0, 0, 0, 0, 0, 0, 0, 0, 0, 0, 0, 0, 0, 0, 0, 0, 0, 0, 0, 0, 0, 0, 0, 0, 0, 0, 0, 0, 0, 0, 0, 0, 0, 0, 0, 0, 0, 0, 0, 0, 0, 0, 0, 0, 0, 0, 0, 0, 0, 0, 0, 0, 0, 0, 0, 0, 0, 0, 0, 0, 0, 0, 0, 0, 0, 0, 0, 0, 0, 0, 0, 0, 0, 0, 0, 0, 0, 0, 0, 0, 0, 0, 0, 0, 0, 0, 0, 0, 0, 0, 0, 0, 0, 0, 0, 0, 0, 0, 0, 0, 0, 0, 0, 0, 0, 0, 0, 0, 0, 0, 0, 0, 0, 0, 0, 0, 0, 0, 0, 0, 0, 0, 0, 0, 0, 0, 0, 0, 0, 0, 0, 1, 0, 0, 0, 0, 0, 0, 0, 0, 0, 0, 0, 0, 0, 0, 0, 0, 0, 0, 0, 0, 0, 0, 0, 0, 0, 1], "losses": [0.0015407920582219958, 0.045613549649715424, 0.001781011582352221, 0.07792896777391434, 0.001125146634876728, 0.04238021746277809, 0.0009847820037975907, 0.0010306822368875146, 0.042254045605659485, 0.03983253240585327, 0.0019088650587946177, 0.038024865090847015, 0.003052090061828494, 0.05088347941637039, 0.0019119528587907553, 0.0016257152892649174, 0.03536951541900635, 0.003462871303781867, 0.004056190140545368, 0.031153501942753792, 0.07602546364068985, 0.045711636543273926, 0.0007404758944176137, 0.002501382026821375, 0.004156304523348808, 0.03134583309292793, 0.04019847512245178, 0.0036855083890259266, 0.0011529007460922003, 0.03973613306879997, 0.0014678664738312364, 0.0025228336453437805, 0.07833056151866913, 0.001789788599126041, 0.0019929863046854734, 0.003700051922351122, 0.0027137065771967173, 0.0327477753162384, 0.0015753548359498382, 0.0004385474603623152, 0.0017159746494144201, 0.028814489021897316, 0.0017865407280623913, 0.0006942744366824627, 0.001287288498133421, 0.02944837510585785, 0.0027930971700698137, 0.04765772446990013, 0.0026706941425800323, 0.03633099049329758, 0.0010280590504407883, 0.0007510241121053696, 0.005356163717806339, 0.0008370178984478116, 0.001703445566818118, 0.0005599944270215929, 0.00037876158603467047, 0.03257933631539345, 0.003917134832590818, 0.0028608483262360096, 0.0005766071262769401, 0.05217704549431801, 0.05092833191156387, 0.0011039648670703173, 0.0019198785303160548, 0.002206455683335662, 0.033723920583724976, 0.03656264767050743, 0.0007292967056855559, 0.0006417035474441946, 0.002588453935459256, 0.002603914588689804, 0.023841071873903275, 0.00621611624956131, 0.0014962583081796765, 0.003271363442763686, 0.0016552689485251904, 0.0040311384946107864, 0.0009183735819533467, 0.001228962792083621, 0.0030644130893051624, 0.046274762600660324, 0.001646792283281684, 0.0015062539605423808, 0.0026074950583279133, 0.07419592887163162, 0.0311262346804142, 0.02495250478386879, 0.002657050034031272, 0.0017505394062027335, 0.033869437873363495, 0.0016337427077814937, 0.03123232163488865, 0.0010103749809786677, 0.0005786376423202455, 0.0022846399806439877, 0.00450907414779067, 0.0005411627353169024, 0.016082923859357834, 0.0005317866452969611, 0.0007970566512085497, 0.023548394441604614, 0.0007856559241190553, 0.0839010700583458, 0.029917780309915543, 0.0023529899772256613, 0.0010024126386269927, 0.0006423561717383564, 0.02119910717010498, 0.0005378997302614152, 0.0029175772797316313, 0.0006479625008068979, 0.000601202598772943, 0.0011700809700414538, 0.002769176382571459, 0.005111341364681721, 0.03465071693062782, 0.0013511793222278357, 0.0018390216864645481, 0.002547886921092868, 0.0013183695264160633, 0.0821414366364479, 0.0491500124335289, 0.0008277703309431672, 0.04237619414925575, 0.006864298600703478, 0.005295624956488609, 0.032546211034059525, 0.0017919795354828238, 0.027592279016971588, 0.021350979804992676, 0.0005657662404701114, 0.00043541722698137164, 0.024380125105381012, 0.038876935839653015, 0.0046038394793868065, 0.0016701994463801384, 0.0004927540430799127, 0.002824716968461871, 0.0028925612568855286, 0.029038483276963234, 0.0014955953229218721, 0.002855021273717284, 0.0012259199284017086, 0.002389322966337204, 0.034497618675231934, 0.0031245090067386627, 0.0013787216739729047, 0.0009271650924347341, 0.006330336909741163, 0.0034468513913452625, 0.0005392768071033061, 0.002424798905849457, 0.04004983976483345, 0.02995755523443222, 0.02207677811384201, 0.0026341795455664396, 0.0024676411412656307, 0.0004038573242723942, 0.0638432726264, 0.0028782456647604704, 0.0006263183313421905, 0.0019937115721404552, 0.003503090236335993, 0.002143281511962414, 0.0028162754606455564, 0.001481359708122909, 0.0007166590075939894, 0.0385359451174736, 0.0028794819954782724, 0.0020347628742456436, 0.0022061928175389767, 0.0017771759303286672, 0.001026198617182672, 0.00035605617449618876, 0.0020381209906190634, 0.00262357946485281, 0.0009965181816369295, 0.002237382112070918, 0.0331571064889431, 0.0019589560106396675, 0.00046423429739661515, 0.0047883703373372555, 0.03353268280625343, 0.0009486852795816958, 0.0006379434489645064, 0.0006978321471251547, 0.0020080343820154667, 0.04427673667669296, 0.02391771785914898, 0.0550069734454155, 0.028004825115203857, 0.000694870192091912], "best_score": 2}