{"scores": [0, 0, 0, 0, 0, 0, 0, 0, 0, 0, 0, 0, 0, 0, 0, 0, 0, 0, 0, 0, 0, 0, 0, 0, 0, 0, 0, 0, 0, 0, 0, 0, 0, 0, 0, 0, 0, 0, 0, 0, 0, 0, 0, 0, 0, 0, 0, 0, 0, 0, 0, 0, 0, 0, 0, 0, 0, 0, 0, 0, 0, 0, 0, 0, 0, 0, 0, 0, 0, 0, 0, 0, 0, 0, 0, 0, 0, 0, 0, 0, 0, 0, 0, 0, 0, 0, 0, 0, 0, 0, 0, 0, 0, 0, 0, 0, 0, 0, 0, 0, 0, 0, 0, 0, 0, 0, 0, 0, 0, 0, 0, 0, 0, 0, 0, 0, 0, 0, 0, 0, 0, 0, 0, 0, 0, 0, 0, 0, 0, 0, 0, 0, 0, 0, 0, 0, 0, 0, 0, 0, 0, 0, 0, 0, 0, 0, 0, 0, 0, 0, 0, 0, 0, 0, 0, 0, 0, 0, 0, 0, 0, 0, 0, 0, 0, 0, 0, 0, 0, 0, 0, 0, 0, 0], "losses": [0.026958206668496132, 0.02317732386291027, 0.04705531895160675, 0.04478432238101959, 0.02203197218477726, 0.0020020620431751013, 0.041295550763607025, 0.04130591079592705, 0.021535206586122513, 0.01900053210556507, 0.0024082132149487734, 0.002231879625469446, 0.0014357430627569556, 0.0007364506600424647, 0.013659129850566387, 0.008078656159341335, 0.0007149959565140307, 0.005474532023072243, 0.0022317320108413696, 0.0003708453441504389, 0.014140557497739792, 0.0037763516884297132, 0.0012023032177239656, 0.0006579964538104832, 0.0004135267809033394, 0.00965579878538847, 0.01194844115525484, 0.003692455356940627, 0.0032206159085035324, 0.01845252513885498, 0.002259740838780999, 0.006258306093513966, 0.007583580911159515, 0.019784484058618546, 0.0036757085472345352, 0.00898424070328474, 0.004612776450812817, 0.005729510448873043, 0.001360902446322143, 0.003850240260362625, 0.0016657512169331312, 0.0023512407205998898, 0.006966882385313511, 0.006841594818979502, 0.0024614811409264803, 0.00022209552116692066, 0.0008347430266439915, 0.004918095655739307, 0.00593723775818944, 0.004385791253298521, 0.005796514451503754, 0.0034550740383565426, 0.005609384272247553, 0.0005313840229064226, 0.002007891424000263, 0.001450784271582961, 0.0033036055974662304, 0.0045214504934847355, 0.0026093279011547565, 0.001248497748747468, 0.0029579743277281523, 0.0020360308699309826, 0.000666854961309582, 0.0001446291571483016, 0.00041398347821086645, 0.00039457218372263014, 0.000973244896158576, 0.0017846320988610387, 0.001353508559986949, 0.0009581385529600084, 4.087831257493235e-05, 0.0006783673306927085, 0.00030840272665955126, 5.0718121201498434e-05, 0.00017401955847162753, 0.0002105630119331181, 0.0006011009681969881, 0.00010758810822153464, 0.0002281945780850947, 0.00015905173495411873, 0.00011420887312851846, 5.884300480829552e-05, 9.047143248608336e-05, 3.3011419873218983e-05, 0.0001367548102280125, 0.0005537787801586092, 0.00013929628767073154, 4.311808879720047e-05, 0.0006964924396015704, 5.9297548432368785e-05, 3.236837073927745e-05, 0.00013404988567344844, 2.725512968027033e-05, 2.936583405244164e-05, 0.00029284486663527787, 6.0551239585038275e-05, 0.00018842893769033253, 5.190599767956883e-05, 0.00023930204042699188, 1.069118661689572e-05, 1.4710660252603702e-05, 3.9988466596696526e-05, 2.5971701688831672e-05, 2.3255241103470325e-05, 4.9995585868600756e-05, 1.730457915982697e-05, 4.5388445869321004e-05, 0.00013326418411452323, 0.00010531862790230662, 1.8242517398903146e-05, 1.6446454537799582e-05, 3.764580105780624e-05, 2.3608932679053396e-05, 3.163931251037866e-05, 0.00020056372159160674, 7.934616587590426e-05, 1.2572951163747348e-05, 5.7961522543337196e-05, 2.999644675583113e-05, 1.32091372506693e-05, 3.554901559255086e-05, 3.849024324154016e-06, 1.4713712516822852e-05, 1.440111100237118e-05, 0.00016709647024981678, 3.5214005038142204e-05, 3.0033246730454266e-05, 4.171280306763947e-05, 5.6197015510406345e-05, 1.7939673853106797e-05, 0.00013223443238530308, 5.3969248256180435e-05, 2.8234358978806995e-05, 1.7570355339557864e-05, 9.489119292993564e-06, 3.298240335425362e-05, 4.66620440420229e-06, 7.601297511428129e-06, 1.760003033268731e-05, 2.844249684130773e-05, 3.8002501241862774e-05, 4.089558569830842e-05, 3.0031163987587206e-05, 1.8122076653526165e-05, 0.0001235998934134841, 1.8386457668384537e-05, 1.2156564480392262e-05, 0.00022975758474785835, 8.928699571697507e-06, 1.89621168829035e-05, 2.0159372070338577e-05, 9.991014849219937e-06, 3.1069281249074265e-05, 8.576677828386892e-06, 2.3474032786907628e-05, 2.7090468392998446e-06, 2.1360789105528966e-05, 8.188500214600936e-05, 2.6148423785343766e-05, 3.15295546897687e-05, 1.938358400366269e-05, 3.155298691126518e-05, 3.071966057177633e-05, 1.2841644092986826e-05, 1.4329842088045552e-05, 2.850211603799835e-05, 1.4727575035067275e-05, 0.0002013588382396847, 1.9002300177817233e-05, 4.4789012463297695e-05, 1.6317053450620733e-05, 1.0822228432516567e-05, 1.5396904927911237e-05, 2.2581295979762217e-06], "best_score": 0}