{"scores": [0, 0, 0, 0, 0, 0, 0, 0, 0, 0, 0, 0, 0, 0, 0, 0, 0, 0, 0, 0, 0, 0, 0, 0, 0, 0, 0, 0, 0, 0, 0, 1, 0, 1, 0, 0, 0, 1, 0, 0, 0, 0, 0, 0, 0, 1, 0, 0, 0, 1, 1, 0, 0, 1, 0, 0, 0, 0, 0, 0, 0, 1, 0, 0, 0, 0, 0, 0, 0, 0, 0, 0, 0, 1, 0, 0, 1, 0, 1, 1, 0, 1, 0, 0, 0, 0, 0, 0, 0, 0, 0, 0, 0, 0, 0, 0, 0, 0, 0, 0, 0, 0, 0, 0, 0, 0, 0, 0, 0, 0, 0, 0, 0, 0, 0, 0, 0, 0, 0, 0, 0, 0, 0, 0, 0, 0, 0, 0, 0, 0, 0, 0, 0, 0, 0, 0, 0, 0, 0, 0, 0, 0, 0, 0, 0, 0, 0, 0, 0, 0, 0, 0, 0, 0, 0, 0, 0, 0, 0, 0, 0, 0, 0, 0, 0, 0, 0, 0, 0, 0, 0, 0, 0, 0, 0, 0, 0, 0, 0, 0, 0, 0, 0, 0, 0, 0, 0, 0, 0, 0, 0, 0, 0, 0, 0, 0, 0, 0, 0, 0, 0, 0, 0, 0, 0, 0, 0, 0, 0, 0, 0, 0, 0, 0, 0, 0, 0, 0, 0, 0, 0, 0, 0, 0, 0, 0, 0, 0, 0, 0, 0, 0, 0, 0, 0, 0, 0, 0, 0, 0, 0, 0, 0, 0, 0, 0, 1, 0, 0, 0, 0, 0, 0, 0, 0, 0, 0, 0, 0, 0, 0, 0, 0, 0, 0, 0, 0, 0, 0, 0, 0, 0, 0, 0, 0, 0, 0, 1, 0, 0, 0, 0, 0, 0, 0, 0, 0, 0, 0, 0, 0, 0, 0, 0, 0, 0, 0, 0, 0, 0, 0, 0, 0, 0, 0, 0, 0, 0, 0, 0, 0, 0, 0, 0, 0, 0, 0, 0, 0, 0, 0, 0, 0, 0, 0, 0, 0, 0, 0, 0, 0, 0, 0, 0, 0, 0, 0, 0, 0, 0, 0, 0, 0, 0, 0, 0, 0, 0, 0, 0, 0, 0, 0, 0, 0, 0, 0, 0, 0, 0, 0, 0, 0, 0, 0, 0, 0, 0, 0, 0, 1, 0, 0], "losses": [0.1404663622379303, 0.012116601690649986, 0.01011764444410801, 0.008061750791966915, 0.007920912466943264, 0.011846257373690605, 0.017715077847242355, 0.007216280326247215, 0.006511760409921408, 0.09468770027160645, 0.011082951910793781, 0.013428670354187489, 0.02514607086777687, 0.025247380137443542, 0.015654442831873894, 0.08173498511314392, 0.08770927041769028, 0.010192879475653172, 0.15788725018501282, 0.08351679146289825, 0.012671312317252159, 0.005990787874907255, 0.19176103174686432, 0.15765060484409332, 0.17831580340862274, 0.005364088341593742, 0.007683242205530405, 0.009212557226419449, 0.013024074956774712, 0.15341544151306152, 0.012784164398908615, 0.13723023235797882, 0.007550830952823162, 0.013967384584248066, 0.008242561481893063, 0.016505524516105652, 0.008233914151787758, 0.011390344239771366, 0.06884709000587463, 0.009933136403560638, 0.014866745099425316, 0.18296700716018677, 0.09171975404024124, 0.08200794458389282, 0.005392735358327627, 0.005029217340052128, 0.07441559433937073, 0.06217990070581436, 0.07207358628511429, 0.01035510003566742, 0.00683493772521615, 0.00827633123844862, 0.007410289719700813, 0.021150697022676468, 0.15504319965839386, 0.012891179881989956, 0.008713300339877605, 0.024353042244911194, 0.023662634193897247, 0.026057317852973938, 0.023440908640623093, 0.022953622043132782, 0.005842393729835749, 0.003555928124114871, 0.012829901650547981, 0.006796176079660654, 0.01538127101957798, 0.0076450142078101635, 0.008516169153153896, 0.06550527364015579, 0.012510659173130989, 0.006217596121132374, 0.06900839507579803, 0.26813673973083496, 0.004702270962297916, 0.04214038699865341, 0.03783454746007919, 2.4999897480010986, 0.0027625912334769964, 0.21356415748596191, 0.06587506085634232, 0.023241925984621048, 0.15635697543621063, 0.01139866653829813, 0.006007167976349592, 0.02623319812119007, 0.06006966531276703, 0.06849829107522964, 0.008019172586500645, 0.04442061111330986, 0.07954610139131546, 0.12008611112833023, 0.030820732936263084, 0.0947737768292427, 0.16146408021450043, 0.011866297572851181, 0.001623641699552536, 0.1735948771238327, 0.04844069480895996, 0.024075867608189583, 0.01989448256790638, 0.12275730818510056, 0.013188846409320831, 0.11809192597866058, 0.008571923710405827, 1.9471482038497925, 0.07902549207210541, 0.03649190813302994, 0.007863512262701988, 0.014220627024769783, 0.0033813491463661194, 0.26696109771728516, 0.023831289261579514, 0.08772975206375122, 0.008320437744259834, 0.009169108234345913, 0.09793215990066528, 2.2357616424560547, 0.014075348153710365, 0.007483886554837227, 0.009898086078464985, 0.0076025985181331635, 0.010455194860696793, 0.01057498063892126, 0.05833711475133896, 0.06410718709230423, 0.008904669433832169, 0.02227330021560192, 0.0025254134088754654, 0.006888291332870722, 0.009906367398798466, 0.010858763940632343, 0.012300068512558937, 0.0020673919934779406, 0.008188851177692413, 0.013849280774593353, 0.002080074977129698, 0.03136701136827469, 0.003885825164616108, 0.04385595768690109, 0.04152556136250496, 0.005688800010830164, 0.012507112696766853, 0.010779337957501411, 0.004098194185644388, 0.004306812305003405, 0.06754709035158157, 0.04379747062921524, 0.017870580777525902, 0.002192026237025857, 0.007314767688512802, 0.06987717747688293, 0.028443021699786186, 0.0023595679085701704, 0.002410717774182558, 0.003478947328403592, 0.0897098109126091, 0.010467574000358582, 1.8469058275222778, 0.09397812932729721, 1.973865270614624, 0.01498214341700077, 0.10279327630996704, 0.0028071128763258457, 0.4728890657424927, 1.7615245580673218, 0.007778647355735302, 0.0017738756723701954, 0.011438068002462387, 0.006132860202342272, 0.002462556818500161, 0.014949963428080082, 0.001214573159813881, 0.14666631817817688, 0.007138678804039955, 0.01733562909066677, 0.006294514983892441, 0.04268527403473854, 0.07226669788360596, 0.01343972235918045, 0.004824738949537277, 0.08425959944725037, 0.0062883454374969006, 0.46994560956954956, 0.037036169320344925, 0.036049965769052505, 0.011292681097984314, 0.023169545456767082, 0.033600252121686935, 0.0019171005114912987, 0.09784873574972153, 0.001801738515496254, 0.028002353385090828, 0.004185902886092663, 0.006039953790605068, 0.10285092890262604, 0.10910540819168091, 0.002815637970343232, 0.002839657012373209, 0.020097769796848297, 0.028151391074061394, 0.06392411887645721, 0.027136556804180145, 0.002347532194107771, 0.0035983531270176172, 0.006623878143727779, 0.08432821929454803, 0.00232499185949564, 0.0012455455726012588, 0.002443342935293913, 0.025404438376426697, 0.003367545548826456, 0.006544993259012699, 0.04459710791707039, 0.006149875931441784, 0.07365699112415314, 2.4971671104431152, 0.009187523275613785, 0.005277819000184536, 0.0015308558940887451, 0.000994460191577673, 0.0012632586294785142, 0.02048037201166153, 0.04949352890253067, 0.11406261473894119, 0.003033262677490711, 0.03571010380983353, 0.002309178002178669, 0.12613144516944885, 0.010351471602916718, 0.06830303370952606, 0.22083011269569397, 0.022657006978988647, 0.0024887288454920053, 0.021791722625494003, 0.0017657186836004257, 0.0052844565361738205, 0.004236371722072363, 0.009139460511505604, 0.0050894771702587605, 0.0032113180495798588, 0.022749902680516243, 0.0007867093663662672, 0.012290667742490768, 0.0048304214142262936, 0.041984666138887405, 0.037702858448028564, 0.0022132068406790495, 0.08719563484191895, 0.0011525138979777694, 0.0009506021742708981, 0.004095406271517277, 0.006611032411456108, 0.32696297764778137, 0.00083793920930475, 0.03707064315676689, 0.003420573892071843, 0.00169593864120543, 0.012840050272643566, 0.0006732526235282421, 0.00793269369751215, 0.006209966726601124, 0.001132887788116932, 0.0881362110376358, 0.006141429767012596, 0.06554856151342392, 0.024365510791540146, 0.009983600117266178, 0.00791951734572649, 0.011208966374397278, 0.0029912705067545176, 0.0008616999839432538, 0.07104208320379257, 0.026905886828899384, 0.0030431195627897978, 0.04552887752652168, 0.002601123880594969, 0.05122982710599899, 0.004540841095149517, 0.03034103848040104, 0.011126848869025707, 0.25005248188972473, 0.008556359447538853, 0.019484758377075195, 0.023566866293549538, 0.0004460845375433564, 0.0020875316113233566, 0.0028530170675367117, 0.02955804206430912, 0.0016415249556303024, 0.008916951715946198, 0.16869676113128662, 0.03682112693786621, 0.0017301584593951702, 0.0508170910179615, 0.11444289237260818, 0.007024857681244612, 0.0011434848420321941, 0.0031094998121261597, 0.006372976116836071, 0.00487269414588809, 0.0024768144357949495, 0.0051979925483465195, 0.0037940836045891047, 0.0018674912862479687, 0.0015584126813337207, 0.0011514765210449696, 0.10158014297485352, 0.010134843178093433, 0.000828920747153461, 0.00396345742046833, 0.0018050960497930646, 0.03295645862817764, 0.007144490256905556, 0.04645467922091484, 