{"scores": [0, 0, 0, 0, 0, 0, 0, 0, 0, 0, 0, 0, 0, 0, 0, 0, 0, 0, 0, 0, 0, 0, 0, 0, 0, 0, 0, 0, 0, 0, 0, 0, 0, 0, 0, 0, 0, 0, 0, 0, 0, 0, 0, 0, 0, 0, 0, 0, 0, 0, 0, 0, 0, 0, 0, 1, 0, 0, 0, 0, 0, 0, 0, 0, 0, 0, 0, 0, 0, 0, 0, 0, 0, 0, 0, 0, 0, 0, 0, 0, 0, 0, 0, 0, 0, 0, 0, 0, 0, 0, 0, 0, 0, 0, 0, 0, 0, 0, 0, 0, 0, 0, 0, 0, 0, 0, 0, 0, 0, 0, 0, 0, 0, 0, 0, 0, 0, 0, 0, 0, 0, 0, 0, 0, 0, 0, 2, 1, 0, 0, 0, 0, 0, 0, 0, 0, 0, 0, 0, 0, 0, 0, 0, 0, 0, 0, 0, 0, 0, 0], "losses": [0.1053546816110611, 0.013656927272677422, 0.006063631270080805, 0.00666598416864872, 0.07249754667282104, 0.0055324118584394455, 0.009606447070837021, 0.07424882054328918, 0.005587355233728886, 0.09397976845502853, 0.0847945287823677, 0.006769744213670492, 0.00994543544948101, 0.011001757346093655, 0.008266452699899673, 0.00833167415112257, 0.007957442663609982, 0.08091937005519867, 0.05171241611242294, 0.009029208682477474, 0.15464681386947632, 0.006089185364544392, 0.07336419820785522, 0.04538845643401146, 0.010587294586002827, 0.00563522893935442, 0.05643458664417267, 0.006865331437438726, 0.004277311731129885, 0.00500536011531949, 0.025107478722929955, 0.010631096549332142, 0.009277308359742165, 0.013046344742178917, 0.039836227893829346, 0.010493959300220013, 0.004246602766215801, 0.015658987686038017, 0.03129267320036888, 0.03781887888908386, 0.012987134978175163, 0.0029340749606490135, 0.0019310269271954894, 0.08942358195781708, 0.017081139609217644, 0.002547451062127948, 0.009514211677014828, 0.0006308097508735955, 0.004096054006367922, 0.005644618067890406, 0.07702676951885223, 0.010714367032051086, 0.00434531457722187, 0.01780664548277855, 0.0601872019469738, 0.0050070565193891525, 0.007264911197125912, 0.1878509819507599, 0.03654230013489723, 0.12943652272224426, 0.0008640047744847834, 0.008427545428276062, 0.009100787341594696, 0.009918207302689552, 0.006907532457262278, 0.009285771287977695, 0.015842299908399582, 0.01215632725507021, 0.053502317517995834, 0.0011803946690633893, 0.0027673793956637383, 0.003151933429762721, 0.09386727958917618, 0.002039753831923008, 0.00395615678280592, 0.004203077871352434, 0.001957724569365382, 0.003672004444524646, 0.03336111456155777, 0.11674734950065613, 0.017618907615542412, 0.0035215469542890787, 0.03369830176234245, 0.08644828200340271, 0.0028562110383063555, 0.004233163315802813, 0.0015946603380143642, 0.002354962518438697, 0.02477465569972992, 0.014683918096125126, 0.004425331950187683, 0.0034944037906825542, 0.0018838867545127869, 0.0795886442065239, 0.020577451214194298, 0.004735246766358614, 0.03461566939949989, 0.07065428793430328, 0.008650070987641811, 0.09263955801725388, 0.02065769024193287, 0.020873820409178734, 0.004510741680860519, 0.012067794799804688, 0.026280447840690613, 0.0035187131725251675, 0.0008993826922960579, 0.16981452703475952, 0.0017851977609097958, 0.0018918270943686366, 0.001774068339727819, 0.04871392622590065, 0.006745136342942715, 0.04257982596755028, 0.005872984882444143, 0.012689853087067604, 0.0059652915224432945, 0.001754921511746943, 0.03397316113114357, 0.0024928387720137835, 0.0017603954765945673, 0.011996602639555931, 0.004875298123806715, 0.008644456043839455, 0.008414040319621563, 0.01898214779794216, 0.0018278477946296334, 0.01136272307485342, 0.0012549498351290822, 0.02253291755914688, 0.002714106347411871, 0.05178265646100044, 0.0032506922725588083, 0.0010500033386051655, 0.010790914297103882, 0.0023942457046359777, 0.045055124908685684, 0.004717309959232807, 0.008405095897614956, 0.008525938726961613, 0.1839296817779541, 0.01194557175040245, 0.014078072272241116, 0.006889809388667345, 0.004557590465992689, 0.03402257338166237, 0.000968129956163466, 0.1472731977701187, 0.014295827597379684, 0.033342089504003525], "best_score": 2}