{"scores": [0, 0, 0, 0, 0, 0], "losses": [0.014920981600880623, 0.020778605714440346, 5.312638759613037, 0.032206155359745026, 2.795518398284912, 2.66463041305542], "best_score": 0}